{
  "test_loss": 0.8059872984886169,
  "test_accuracy": 0.4545454680919647,
  "sensitivity": 1.0,
  "specificity": 0.0,
  "precision": 0.45454545454545453,
  "f1_score": 0.625,
  "confusion_matrix": [
    [
      0,
      360
    ],
    [
      0,
      300
    ]
  ],
  "classification_report": "              precision    recall  f1-score   support\n\n      benign       0.00      0.00      0.00       360\n   malignant       0.45      1.00      0.62       300\n\n    accuracy                           0.45       660\n   macro avg       0.23      0.50      0.31       660\nweighted avg       0.21      0.45      0.28       660\n"
}